sentimento,total_posts,porcentagem
negativo,348,43.22981366459627
neutro,235,29.19254658385093
positivo,222,27.577639751552795
