sentimento,total_posts,porcentagem
neutro,88,38.59649122807017
negativo,79,34.64912280701755
positivo,61,26.75438596491228
