sentimento,total_posts,porcentagem
negativo,446,54.52322738386308
neutro,308,37.65281173594132
positivo,64,7.823960880195599
