sentimento,total_posts,porcentagem
neutro,100,48.309178743961354
negativo,66,31.88405797101449
positivo,41,19.806763285024154
