sentimento,total_posts,porcentagem
negativo,490,61.09725685785536
neutro,203,25.311720698254366
positivo,109,13.591022443890274
