sentimento,total_posts,porcentagem
neutro,439,70.92084006462036
negativo,112,18.093699515347332
positivo,68,10.98546042003231
