sentimento,total_posts,porcentagem
positivo,304,37.392373923739235
neutro,284,34.932349323493234
negativo,225,27.67527675276753
