sentimento,total_posts,porcentagem
positivo,542,54.2
neutro,229,22.900000000000002
negativo,229,22.900000000000002
