sentimento,total_posts,porcentagem
negativo,255,55.798687089715536
neutro,169,36.98030634573304
positivo,33,7.2210065645514225
