sentimento,total_posts,porcentagem
neutro,298,56.54648956356736
negativo,191,36.24288425047438
positivo,38,7.2106261859582546
